student_id,age,gender,place_of_origin,high_school_avg,admission_test_score,first_semester_grades,socioeconomic_level,has_scholarship,has_loan,dropout
1,23,Male,Cundinamarca,6.4,163.0,4.0,3.0,Yes,No,No
2,20,Male,Otros departamentos,4.3,161.0,1.5,4.0,Yes,Yes,Yes
3,21,Male,Bogotá,6.0,236.0,3.1,1.0,Yes,No,No
4,23,Female,Bogotá,8.8,161.0,1.9,5.0,Yes,Yes,No
5,19,Male,Bogotá,4.0,174.0,1.0,5.0,Yes,Yes,No
6,35,Male,Bogotá,6.0,392.0,2.0,1.0,Yes,Yes,Yes
7,21,Female,Bogotá,,271.0,4.9,5.0,Yes,Yes,No
8,21,Male,Bogotá,7.2,296.0,4.2,1.0,No,Yes,Yes
9,23,Female,Bogotá,9.5,204.0,4.8,4.0,Yes,No,No
10,18,Female,Cundinamarca,6.1,387.0,3.0,3.0,Yes,Yes,No
11,19,Male,Otros departamentos,6.1,322.0,1.4,1.0,Yes,Yes,Yes
12,23,Female,Bogotá,8.4,370.0,3.2,2.0,Yes,No,No
13,19,Male,Cundinamarca,2.3,268.0,2.8,1.0,No,No,No
14,19,Female,Cundinamarca,5.3,332.0,4.4,5.0,No,Yes,No
15,24,Female,Otros departamentos,6.7,437.0,1.4,4.0,No,No,Yes
16,21,Male,Bogotá,4.8,449.0,3.0,6.0,No,No,No
17,20,Female,Otros departamentos,5.1,231.0,1.6,4.0,No,Yes,No
18,24,Female,Bogotá,7.0,360.0,2.3,6.0,No,Yes,No
19,24,Female,Cundinamarca,6.5,299.0,3.9,1.0,No,No,No
20,19,Female,Cundinamarca,9.5,186.0,2.9,3.0,No,Yes,No
21,22,Female,Cundinamarca,6.2,208.0,2.5,2.0,No,Yes,No
22,21,Male,Cundinamarca,7.5,280.0,2.6,4.0,No,No,Yes
23,18,Female,Otros departamentos,7.8,351.0,2.8,5.0,No,Yes,Yes
24,24,Male,Bogotá,4.1,392.0,4.1,6.0,No,Yes,No
25,20,Female,Bogotá,,184.0,4.6,5.0,No,Yes,No
26,22,Male,Otros departamentos,10.8,242.0,4.8,3.0,No,Yes,Yes
27,22,Male,Bogotá,9.8,356.0,4.1,6.0,No,Yes,No
28,18,Female,Cundinamarca,4.9,362.0,2.3,4.0,No,No,Yes
29,24,Female,Bogotá,6.5,308.0,3.8,1.0,Yes,No,No
30,20,Female,Cundinamarca,4.5,173.0,2.8,5.0,No,Yes,No
31,21,Male,Otros departamentos,10.0,442.0,2.0,3.0,Yes,No,Yes
32,17,Female,Bogotá,7.0,153.0,4.4,4.0,No,Yes,No
33,20,Male,Otros departamentos,7.6,369.0,1.2,4.0,No,Yes,Yes
34,18,Male,Bogotá,4.4,169.0,4.6,4.0,Yes,Yes,Yes
35,22,Male,Cundinamarca,8.5,301.0,2.8,4.0,No,Yes,No
36,21,Female,Otros departamentos,5.3,199.0,3.5,6.0,Yes,Yes,No
37,20,Female,Bogotá,9.4,326.0,3.6,4.0,Yes,No,No
38,17,Male,Cundinamarca,5.2,245.0,4.6,5.0,Yes,No,No
39,17,Male,Otros departamentos,5.1,80.0,3.5,3.0,No,Yes,No
40,19,Female,Otros departamentos,4.2,399.0,3.5,6.0,No,No,No
41,19,Male,Bogotá,6.8,266.0,1.3,,No,Yes,No
42,23,Female,Bogotá,7.4,377.0,3.1,2.0,Yes,No,Yes
43,18,Male,Bogotá,4.4,215.0,1.6,,Yes,Yes,Yes
44,24,Female,Cundinamarca,8.7,411.0,3.9,3.0,No,No,No
45,20,Male,Bogotá,6.7,444.0,3.0,1.0,No,Yes,No
46,20,Female,Otros departamentos,7.1,392.0,0.5,1.0,No,Yes,Yes
47,24,Male,Otros departamentos,6.6,335.0,1.2,6.0,No,No,No
48,23,Female,Bogotá,,395.0,1.3,6.0,No,No,Yes
49,22,Female,Bogotá,7.4,274.0,3.9,6.0,Yes,Yes,No
50,22,Male,Otros departamentos,4.9,417.0,1.3,1.0,Yes,No,Yes
51,23,Male,Cundinamarca,5.1,280.0,1.3,0.0,Yes,Yes,Yes
52,22,Female,Bogotá,9.2,386.0,1.0,1.0,No,No,Yes
53,19,Male,Bogotá,9.7,167.0,4.8,5.0,Yes,No,No
54,20,Female,Otros departamentos,6.2,,4.0,4.0,Yes,Yes,No
55,23,Male,Bogotá,5.6,170.0,2.4,6.0,Yes,No,No
56,20,Female,Cundinamarca,7.9,374.0,2.2,2.0,Yes,No,Yes
57,24,Female,Otros departamentos,6.5,431.0,2.4,3.0,Yes,Yes,No
58,17,Female,Bogotá,4.2,157.0,4.1,3.0,No,No,No
59,19,Female,Otros departamentos,4.9,249.0,3.6,4.0,Yes,Yes,No
60,21,Female,Bogotá,8.3,389.0,1.7,2.0,No,Yes,Yes
61,19,Female,Bogotá,8.0,236.0,1.7,1.0,No,Yes,Yes
62,23,Male,Bogotá,4.2,447.0,1.4,1.0,No,Yes,Yes
63,21,Male,Cundinamarca,5.3,163.0,3.6,5.0,No,Yes,No
64,17,Male,Cundinamarca,5.4,151.0,4.1,5.0,No,No,No
65,23,Female,Otros departamentos,8.0,442.0,2.1,1.0,Yes,Yes,Yes
66,18,Female,Bogotá,4.1,190.0,1.1,3.0,Yes,Yes,No
67,20,Female,Bogotá,4.6,260.0,1.3,6.0,No,No,No
68,17,Female,Cundinamarca,,163.0,4.9,3.0,No,No,No
69,20,Male,Bogotá,5.1,380.0,2.2,5.0,No,No,Yes
70,22,Male,Cundinamarca,7.9,233.0,4.1,4.0,Yes,Yes,Yes
71,18,Female,Bogotá,5.4,279.0,3.5,1.0,No,Yes,No
72,18,Male,Otros departamentos,4.6,380.0,2.5,5.0,Yes,Yes,Yes
73,17,Male,Bogotá,5.5,,,5.0,No,No,No
74,18,Female,Bogotá,8.3,177.0,1.5,6.0,Yes,Yes,Yes
75,21,Male,Cundinamarca,9.1,215.0,3.5,1.0,No,No,No
76,18,Female,Bogotá,9.0,312.0,4.1,6.0,Yes,Yes,No
77,20,Male,Bogotá,6.4,378.0,3.6,1.0,No,No,Yes
78,20,Female,Cundinamarca,8.0,410.0,3.1,6.0,Yes,Yes,Yes
79,23,Female,Otros departamentos,,313.0,1.2,3.0,Yes,Yes,Yes
80,20,Female,Otros departamentos,5.8,436.0,4.9,4.0,Yes,Yes,No
81,23,Female,Cundinamarca,9.4,159.0,4.2,4.0,Yes,No,No
82,20,Male,Cundinamarca,4.1,344.0,2.2,1.0,Yes,No,Yes
83,21,Female,Cundinamarca,,267.0,,2.0,Yes,Yes,No
84,24,Female,Cundinamarca,5.2,419.0,3.4,5.0,Yes,Yes,Yes
85,23,Female,Cundinamarca,4.2,229.0,3.3,5.0,No,Yes,No
86,19,Male,Otros departamentos,5.1,242.0,4.0,1.0,No,No,No
87,22,Female,Otros departamentos,7.5,415.0,4.2,6.0,No,Yes,No
88,17,Male,Cundinamarca,6.5,406.0,3.6,2.0,No,Yes,No
89,20,Female,Bogotá,9.4,282.0,1.5,3.0,No,Yes,Yes
90,18,Male,Cundinamarca,8.9,425.0,2.4,6.0,Yes,Yes,Yes
91,24,Male,Bogotá,6.1,413.0,4.7,6.0,Yes,No,No
92,20,Female,Cundinamarca,5.6,320.0,1.9,1.0,Yes,No,No
93,18,Male,Cundinamarca,6.3,,2.5,1.0,Yes,Yes,Yes
94,22,Female,Otros departamentos,7.5,213.0,2.7,5.0,Yes,Yes,No
95,22,Female,Bogotá,5.6,433.0,2.8,1.0,No,No,No
96,22,Female,Bogotá,7.7,270.0,3.5,1.0,No,No,No
97,18,Male,Otros departamentos,6.5,256.0,4.8,1.0,No,Yes,No
98,20,Male,Otros departamentos,,324.0,2.0,5.0,No,No,Yes
99,22,Female,Otros departamentos,6.6,353.0,1.5,3.0,Yes,No,Yes
100,21,Female,Otros departamentos,5.8,314.0,1.8,3.0,Yes,Yes,Yes
101,23,Male,Bogotá,9.7,269.0,4.5,1.0,Yes,No,No
102,18,Female,Bogotá,8.6,193.0,3.6,5.0,No,No,No
103,18,Female,Cundinamarca,4.8,305.0,2.1,3.0,Yes,Yes,Yes
104,20,Female,Cundinamarca,9.2,356.0,4.3,6.0,No,Yes,No
105,18,Male,Otros departamentos,6.9,257.0,4.4,3.0,Yes,No,No
106,18,Male,Otros departamentos,9.4,400.0,,3.0,Yes,Yes,Yes
107,22,Male,Otros departamentos,8.8,279.0,4.7,5.0,No,No,No
108,20,Female,Cundinamarca,6.6,442.0,2.0,6.0,Yes,Yes,No
109,22,Female,Cundinamarca,4.1,169.0,4.0,5.0,Yes,No,No
110,23,Female,Cundinamarca,5.6,431.0,2.8,1.0,No,Yes,Yes
111,24,Male,Cundinamarca,7.2,434.0,4.4,4.0,Yes,No,No
112,23,Female,Cundinamarca,7.8,150.0,3.9,3.0,No,No,Yes
113,24,Female,Cundinamarca,5.5,268.0,4.1,4.0,Yes,No,No
114,22,Female,Cundinamarca,4.8,184.0,3.6,5.0,Yes,Yes,No
115,23,Female,Otros departamentos,9.0,347.0,1.7,5.0,Yes,Yes,Yes
116,20,Male,Otros departamentos,9.9,394.0,3.2,5.0,Yes,No,Yes
117,17,Male,Otros departamentos,7.2,208.0,4.9,4.0,Yes,No,Yes
118,22,Female,Otros departamentos,5.0,310.0,4.7,5.0,Yes,Yes,No
119,24,Male,Cundinamarca,5.6,328.0,1.2,1.0,Yes,Yes,Yes
120,21,Male,Bogotá,4.1,355.0,1.7,5.0,Yes,Yes,Yes
121,24,Female,Cundinamarca,9.5,161.0,1.5,2.0,No,Yes,Yes
122,21,Female,Bogotá,4.7,425.0,3.9,4.0,No,Yes,No
123,18,Male,Otros departamentos,7.5,330.0,4.3,2.0,Yes,Yes,No
124,23,Female,Cundinamarca,5.6,391.0,1.9,5.0,Yes,No,Yes
125,21,Male,Otros departamentos,7.3,365.0,3.0,1.0,No,Yes,No
126,24,Female,Cundinamarca,7.9,400.0,4.4,3.0,Yes,No,No
127,18,Male,Otros departamentos,9.0,,3.9,6.0,Yes,Yes,No
128,17,Female,Bogotá,5.2,275.0,3.2,6.0,No,Yes,No
129,20,Male,Bogotá,4.1,366.0,3.4,5.0,Yes,No,No
130,20,Male,Bogotá,4.8,434.0,3.0,1.0,Yes,No,No
131,20,Male,Cundinamarca,9.4,334.0,2.2,4.0,No,Yes,Yes
132,21,Female,Bogotá,9.2,,3.3,2.0,Yes,No,Yes
133,17,Male,Cundinamarca,7.6,372.0,3.8,2.0,Yes,No,Yes
134,21,Male,Bogotá,7.6,333.0,4.5,2.0,No,No,No
135,23,Female,Bogotá,8.0,327.0,3.5,4.0,Yes,No,No
136,21,Female,Cundinamarca,5.1,443.0,4.0,6.0,No,Yes,No
137,17,Male,Cundinamarca,9.5,300.0,,1.0,Yes,No,No
138,17,Male,Bogotá,6.5,275.0,,4.0,Yes,Yes,No
139,23,Female,Cundinamarca,6.3,383.0,1.0,2.0,No,Yes,Yes
140,17,Female,Bogotá,7.1,157.0,2.0,5.0,No,Yes,Yes
141,24,Female,Cundinamarca,4.3,278.0,3.9,3.0,Yes,Yes,No
142,17,Female,Otros departamentos,5.0,413.0,5.0,4.0,No,No,No
143,20,Female,Otros departamentos,8.4,306.0,1.4,4.0,No,No,Yes
144,24,Male,Otros departamentos,4.5,154.0,2.6,1.0,Yes,Yes,Yes
145,24,Female,Otros departamentos,7.6,235.0,,1.0,Yes,Yes,Yes
146,23,Male,Otros departamentos,5.5,324.0,1.8,4.0,Yes,Yes,Yes
147,19,Male,Bogotá,6.3,439.0,3.2,2.0,No,Yes,No
148,19,Male,Otros departamentos,5.7,342.0,3.9,3.0,No,No,No
149,17,Female,Otros departamentos,6.1,268.0,3.5,1.0,No,Yes,Yes
150,24,Male,Otros departamentos,,367.0,1.8,2.0,No,No,Yes
151,19,Male,Otros departamentos,5.8,263.0,2.4,5.0,Yes,Yes,Yes
152,19,Female,Cundinamarca,7.4,294.0,4.1,1.0,No,Yes,No
153,17,Male,Bogotá,6.9,175.0,3.2,2.0,Yes,Yes,No
154,19,Male,Otros departamentos,,285.0,1.0,2.0,No,Yes,Yes
155,21,Female,Otros departamentos,9.6,381.0,4.0,3.0,Yes,No,No
156,18,Male,Otros departamentos,8.4,225.0,1.1,3.0,Yes,No,Yes
157,23,Male,Bogotá,5.3,438.0,4.0,5.0,Yes,No,Yes
158,18,Male,Cundinamarca,4.2,150.0,1.8,2.0,No,Yes,Yes
159,17,Female,Bogotá,5.6,296.0,4.8,6.0,Yes,Yes,No
160,20,Female,Cundinamarca,7.6,436.0,2.5,2.0,Yes,No,Yes
161,23,Female,Otros departamentos,4.3,291.0,2.3,3.0,No,No,No
162,17,Male,Otros departamentos,7.0,202.0,1.6,6.0,Yes,Yes,Yes
163,24,Male,Bogotá,7.6,218.0,2.2,1.0,No,Yes,No
164,20,Female,Bogotá,6.0,239.0,,1.0,No,No,No
165,18,Male,Cundinamarca,8.6,369.0,5.0,4.0,Yes,Yes,No
166,17,Male,Cundinamarca,4.6,341.0,,3.0,Yes,Yes,No
167,24,Female,Bogotá,4.5,212.0,2.8,4.0,No,No,Yes
168,23,Female,Cundinamarca,8.4,222.0,3.9,6.0,Yes,Yes,No
169,23,Male,Bogotá,7.0,310.0,4.5,3.0,No,No,No
170,22,Male,Cundinamarca,8.1,318.0,3.4,,No,Yes,No
171,24,Male,Bogotá,6.6,238.0,2.6,2.0,No,No,No
172,21,Female,Bogotá,5.5,325.0,2.7,5.0,Yes,Yes,No
173,19,Female,Bogotá,8.9,418.0,3.8,6.0,No,No,No
174,20,Female,Cundinamarca,8.8,222.0,1.0,3.0,Yes,No,Yes
175,24,Female,Cundinamarca,8.2,394.0,3.5,6.0,Yes,No,No
176,22,Male,Cundinamarca,5.6,226.0,,2.0,Yes,No,No
177,19,Female,Bogotá,7.5,308.0,4.2,1.0,Yes,Yes,Yes
178,19,Female,Cundinamarca,6.2,,1.4,1.0,No,Yes,Yes
179,17,Female,Cundinamarca,4.5,251.0,3.4,6.0,Yes,No,No
180,19,Female,Bogotá,9.5,281.0,2.9,4.0,No,Yes,No
181,21,Female,Otros departamentos,4.8,251.0,3.6,3.0,No,Yes,No
182,23,Male,Bogotá,9.7,168.0,1.3,3.0,Yes,Yes,Yes
183,22,Male,Cundinamarca,6.7,231.0,3.3,1.0,No,Yes,Yes
184,19,Female,Bogotá,5.1,428.0,3.2,5.0,No,Yes,No
185,17,Male,Otros departamentos,7.3,278.0,3.2,2.0,Yes,No,No
186,21,Female,Bogotá,9.2,238.0,3.4,5.0,No,No,Yes
187,18,Female,Cundinamarca,8.4,362.0,3.7,5.0,No,No,Yes
188,23,Male,Otros departamentos,8.8,292.0,4.2,6.0,No,No,No
189,23,Male,Cundinamarca,8.0,214.0,2.1,1.0,No,Yes,Yes
190,22,Female,Otros departamentos,8.2,225.0,4.3,1.0,Yes,Yes,No
191,23,Female,Otros departamentos,9.1,348.0,3.0,1.0,No,No,No
192,19,Female,Bogotá,5.5,292.0,1.3,6.0,No,Yes,Yes
193,17,Male,Bogotá,6.9,242.0,1.2,4.0,No,Yes,Yes
194,23,Female,Cundinamarca,5.3,373.0,2.3,5.0,No,No,Yes
195,23,Female,Bogotá,9.9,440.0,4.1,6.0,Yes,Yes,No
196,18,Female,Bogotá,9.7,251.0,3.8,3.0,No,No,No
197,18,Male,Otros departamentos,4.2,416.0,4.2,2.0,Yes,No,Yes
198,20,Female,Bogotá,8.2,259.0,3.1,4.0,No,Yes,Yes
199,21,Female,Otros departamentos,9.6,414.0,2.8,3.0,Yes,Yes,No
200,19,Male,Otros departamentos,5.1,152.0,1.6,5.0,Yes,No,Yes
201,23,Female,Otros departamentos,7.4,234.0,2.3,1.0,Yes,No,No
202,24,Female,Cundinamarca,9.5,431.0,2.7,5.0,Yes,Yes,Yes
203,23,Male,Cundinamarca,4.2,266.0,1.4,6.0,Yes,No,Yes
204,17,Female,Cundinamarca,8.2,370.0,1.9,2.0,No,No,Yes
205,20,Male,Otros departamentos,5.8,303.0,3.4,6.0,No,No,No
206,21,Male,Cundinamarca,9.5,302.0,3.9,4.0,No,Yes,No
207,24,Female,Cundinamarca,9.8,161.0,5.0,4.0,Yes,No,No
208,20,Female,Bogotá,9.7,282.0,4.7,2.0,No,Yes,No
209,22,Female,Cundinamarca,6.8,442.0,3.6,3.0,Yes,No,No
210,21,Female,Cundinamarca,9.2,449.0,2.7,3.0,Yes,Yes,Yes
211,23,Male,Otros departamentos,9.1,377.0,3.5,4.0,No,No,No
212,23,Female,Otros departamentos,5.9,420.0,4.1,4.0,No,Yes,No
213,21,Male,Otros departamentos,9.0,192.0,1.5,1.0,Yes,Yes,No
214,23,Female,Otros departamentos,4.2,170.0,2.6,3.0,Yes,Yes,No
215,19,Female,Otros departamentos,7.6,256.0,4.4,2.0,No,No,No
216,21,Female,Otros departamentos,5.4,266.0,2.5,3.0,No,No,Yes
217,20,Male,Cundinamarca,4.7,273.0,3.3,1.0,No,No,No
218,21,Female,Otros departamentos,4.5,430.0,3.4,6.0,No,Yes,No
219,24,Female,Otros departamentos,8.2,441.0,1.7,4.0,Yes,No,Yes
220,23,Female,Bogotá,6.0,352.0,2.4,4.0,No,Yes,No
221,19,Female,Cundinamarca,8.3,200.0,2.3,1.0,No,No,Yes
222,19,Male,Cundinamarca,4.4,420.0,1.1,2.0,No,Yes,Yes
223,22,Female,Cundinamarca,5.9,426.0,1.1,4.0,Yes,Yes,No
224,20,Male,Otros departamentos,7.2,290.0,4.3,5.0,Yes,Yes,No
225,18,Male,Otros departamentos,8.7,424.0,2.1,4.0,Yes,No,No
226,18,Male,Otros departamentos,5.9,439.0,3.1,5.0,Yes,No,Yes
227,21,Male,Bogotá,7.8,201.0,2.2,1.0,No,No,Yes
228,22,Male,Otros departamentos,9.3,176.0,4.8,1.0,Yes,Yes,No
229,17,Male,Bogotá,7.7,306.0,2.0,4.0,No,Yes,No
230,21,Female,Cundinamarca,5.4,388.0,2.7,3.0,No,No,Yes
231,22,Male,Otros departamentos,4.1,305.0,4.5,5.0,No,No,No
232,20,Male,Bogotá,9.2,440.0,4.4,2.0,No,No,No
233,20,Male,Bogotá,4.1,285.0,1.7,4.0,Yes,Yes,Yes
234,20,Female,Otros departamentos,9.2,293.0,4.2,2.0,Yes,Yes,No
235,20,Female,Cundinamarca,7.2,255.0,2.8,4.0,Yes,Yes,Yes
236,20,Male,Cundinamarca,9.6,307.0,2.9,3.0,No,Yes,Yes
237,22,Female,Cundinamarca,8.8,295.0,,3.0,No,Yes,No
238,22,Male,Bogotá,10.0,151.0,1.3,3.0,No,No,Yes
239,19,Male,Bogotá,6.1,226.0,3.9,6.0,No,Yes,No
240,24,Female,Bogotá,8.6,281.0,3.0,3.0,No,Yes,Yes
241,18,Male,Bogotá,6.4,239.0,2.7,1.0,Yes,Yes,No
242,23,Female,Cundinamarca,6.9,412.0,3.9,1.0,No,Yes,No
243,20,Female,Otros departamentos,7.8,257.0,4.1,6.0,Yes,Yes,No
244,17,Male,Bogotá,9.2,,1.6,5.0,No,No,Yes
245,23,Male,Bogotá,9.9,188.0,3.4,2.0,No,Yes,No
246,22,Female,Cundinamarca,8.6,308.0,1.5,4.0,Yes,Yes,Yes
247,17,Male,Otros departamentos,6.5,220.0,4.0,4.0,Yes,Yes,No
248,17,Male,Otros departamentos,,390.0,3.6,,No,No,No
249,17,Male,Cundinamarca,8.4,447.0,4.8,1.0,No,No,No
250,19,Female,Cundinamarca,5.4,185.0,1.3,4.0,No,No,Yes
251,22,Female,Otros departamentos,4.7,233.0,1.2,1.0,No,Yes,Yes
252,17,Male,Bogotá,6.1,412.0,2.1,5.0,Yes,No,Yes
253,20,Female,Otros departamentos,5.7,321.0,2.0,2.0,No,Yes,No
254,21,Female,Cundinamarca,5.8,322.0,2.0,5.0,Yes,Yes,Yes
255,17,Female,Bogotá,5.4,196.0,4.6,6.0,No,No,No
256,19,Female,Bogotá,4.3,290.0,2.0,3.0,Yes,Yes,Yes
257,23,Female,Cundinamarca,4.1,267.0,2.1,3.0,Yes,Yes,Yes
258,22,Male,Cundinamarca,9.9,426.0,4.0,3.0,No,Yes,Yes
259,24,Male,Cundinamarca,6.6,363.0,2.8,5.0,Yes,No,Yes
260,19,Male,Otros departamentos,6.3,369.0,4.1,4.0,No,Yes,Yes
261,17,Female,Otros departamentos,8.1,175.0,1.3,2.0,Yes,Yes,Yes
262,22,Female,Bogotá,5.3,158.0,,3.0,No,No,No
263,21,Male,Cundinamarca,9.7,420.0,1.1,6.0,Yes,Yes,No
264,17,Female,Bogotá,8.7,159.0,1.3,6.0,No,Yes,No
265,19,Male,Bogotá,4.5,270.0,4.6,3.0,No,No,Yes
266,18,Male,Bogotá,,274.0,1.6,3.0,Yes,Yes,Yes
267,20,Male,Bogotá,9.3,319.0,3.1,2.0,Yes,Yes,No
268,24,Female,Cundinamarca,9.7,221.0,2.6,3.0,Yes,Yes,Yes
269,23,Female,Bogotá,6.8,301.0,2.4,2.0,Yes,Yes,Yes
270,19,Male,Cundinamarca,7.7,357.0,4.6,6.0,No,Yes,No
271,22,Male,Cundinamarca,5.0,,1.1,3.0,Yes,No,Yes
272,24,Male,Otros departamentos,9.9,303.0,3.7,5.0,No,No,No
273,24,Male,Cundinamarca,5.4,442.0,4.9,,Yes,No,No
274,24,Female,Otros departamentos,9.7,217.0,3.2,6.0,No,No,No
275,17,Female,Cundinamarca,7.9,199.0,4.7,2.0,No,Yes,No
276,20,Male,Cundinamarca,7.6,301.0,1.2,5.0,No,Yes,Yes
277,17,Male,Cundinamarca,7.1,168.0,2.7,2.0,No,Yes,Yes
278,22,Female,Otros departamentos,,249.0,2.0,5.0,Yes,Yes,Yes
279,17,Female,Otros departamentos,5.1,209.0,3.9,5.0,Yes,Yes,No
280,18,Male,Bogotá,5.3,316.0,4.9,2.0,No,No,No
281,20,Male,Otros departamentos,5.1,351.0,2.0,4.0,Yes,No,No
282,20,Male,Otros departamentos,8.7,295.0,3.6,5.0,Yes,Yes,No
283,22,Female,Otros departamentos,6.1,313.0,,3.0,No,Yes,No
284,23,Female,Otros departamentos,,391.0,3.3,6.0,Yes,Yes,No
285,18,Female,Bogotá,9.8,218.0,2.9,4.0,Yes,No,No
286,19,Male,Otros departamentos,9.3,324.0,4.9,2.0,Yes,Yes,No
287,17,Male,Cundinamarca,9.6,198.0,3.4,4.0,No,Yes,No
288,21,Female,Cundinamarca,10.0,257.0,,1.0,Yes,Yes,No
289,17,Female,Otros departamentos,5.0,375.0,1.5,1.0,No,No,Yes
290,24,Male,Otros departamentos,6.4,310.0,1.6,5.0,Yes,Yes,Yes
291,17,Female,Cundinamarca,8.5,268.0,1.9,5.0,Yes,No,No
292,19,Female,Cundinamarca,8.2,298.0,2.0,3.0,Yes,No,Yes
293,17,Male,Bogotá,4.9,299.0,4.4,6.0,No,No,No
294,18,Female,Cundinamarca,8.9,442.0,3.2,4.0,No,No,No
295,18,Male,Cundinamarca,5.3,292.0,3.1,1.0,Yes,No,No
296,20,Male,Otros departamentos,5.3,309.0,1.5,5.0,No,No,No
297,22,Male,Cundinamarca,7.2,160.0,4.4,6.0,Yes,Yes,No
298,23,Male,Bogotá,7.6,287.0,3.9,4.0,No,Yes,No
299,21,Male,Cundinamarca,7.5,227.0,1.3,5.0,No,Yes,Yes
300,24,Male,Otros departamentos,4.5,226.0,3.8,5.0,Yes,No,No
301,17,Male,Otros departamentos,,403.0,3.2,1.0,Yes,Yes,Yes
302,17,Female,Cundinamarca,5.6,407.0,1.3,1.0,Yes,No,Yes
303,19,Male,Otros departamentos,4.8,440.0,2.8,5.0,Yes,No,No
304,22,Male,Bogotá,9.3,412.0,2.9,2.0,No,No,Yes
305,18,Female,Bogotá,9.7,234.0,,5.0,No,Yes,No
306,21,Female,Cundinamarca,9.2,295.0,4.8,6.0,No,No,No
307,20,Female,Cundinamarca,8.9,191.0,4.4,5.0,Yes,No,No
308,18,Male,Cundinamarca,7.9,274.0,3.7,3.0,Yes,Yes,No
309,24,Female,Otros departamentos,,316.0,2.8,3.0,No,Yes,No
310,22,Male,Bogotá,4.5,390.0,2.6,3.0,Yes,No,Yes
311,24,Male,Bogotá,6.5,429.0,3.6,2.0,No,No,No
312,23,Male,Otros departamentos,6.2,337.0,3.2,2.0,No,Yes,No
313,20,Male,Bogotá,5.6,168.0,1.2,5.0,No,Yes,No
314,23,Female,Cundinamarca,8.3,217.0,3.1,3.0,No,Yes,Yes
315,19,Female,Cundinamarca,,367.0,4.2,2.0,No,No,No
316,24,Male,Cundinamarca,4.5,251.0,2.8,1.0,Yes,Yes,Yes
317,19,Male,Bogotá,5.3,191.0,1.2,5.0,Yes,Yes,No
318,17,Male,Cundinamarca,8.1,437.0,4.1,6.0,Yes,Yes,Yes
319,23,Female,Otros departamentos,4.5,316.0,1.8,4.0,No,No,Yes
320,22,Male,Otros departamentos,9.1,258.0,2.0,5.0,No,Yes,No
321,24,Male,Bogotá,7.0,185.0,1.7,4.0,No,Yes,No
322,21,Female,Otros departamentos,6.9,381.0,2.3,3.0,No,Yes,Yes
323,20,Female,Otros departamentos,7.6,378.0,4.0,4.0,Yes,Yes,No
324,18,Male,Bogotá,8.9,313.0,3.1,3.0,Yes,Yes,No
325,22,Female,Cundinamarca,6.1,222.0,1.8,1.0,No,No,Yes
326,22,Female,Cundinamarca,8.1,285.0,4.5,4.0,No,No,Yes
327,19,Male,Cundinamarca,7.4,219.0,4.5,5.0,No,No,Yes
328,23,Female,Bogotá,5.6,345.0,4.5,3.0,Yes,Yes,No
329,24,Male,Otros departamentos,9.3,418.0,2.0,5.0,Yes,No,Yes
330,24,Female,Cundinamarca,8.8,198.0,,2.0,Yes,No,No
331,17,Male,Cundinamarca,8.0,279.0,4.9,3.0,No,No,Yes
332,17,Male,Bogotá,9.1,154.0,4.1,4.0,No,Yes,No
333,20,Male,Cundinamarca,9.2,176.0,1.1,3.0,Yes,Yes,No
334,19,Female,Bogotá,8.3,309.0,1.3,5.0,No,No,Yes
335,22,Male,Otros departamentos,9.0,298.0,2.9,1.0,Yes,No,No
336,24,Female,Bogotá,8.2,413.0,4.6,3.0,No,Yes,No
337,21,Male,Bogotá,8.1,379.0,3.2,4.0,Yes,Yes,Yes
338,19,Male,Bogotá,7.7,349.0,3.0,2.0,No,No,No
339,20,Female,Bogotá,8.5,199.0,1.4,6.0,Yes,Yes,Yes
340,20,Male,Otros departamentos,5.0,216.0,3.6,1.0,Yes,No,No
341,19,Male,Otros departamentos,9.3,,4.3,2.0,Yes,Yes,No
342,20,Female,Cundinamarca,9.2,207.0,2.5,3.0,Yes,No,Yes
343,19,Male,Otros departamentos,4.2,408.0,4.1,5.0,Yes,No,No
344,18,Male,Otros departamentos,9.0,279.0,4.9,5.0,Yes,Yes,No
345,19,Male,Cundinamarca,4.8,364.0,1.8,4.0,No,No,Yes
346,23,Male,Otros departamentos,6.0,321.0,3.1,5.0,No,No,No
347,19,Female,Bogotá,8.5,407.0,2.1,1.0,No,No,Yes
348,20,Female,Bogotá,5.0,251.0,4.2,,Yes,Yes,Yes
349,24,Male,Cundinamarca,8.9,358.0,3.3,4.0,Yes,Yes,No
350,23,Female,Cundinamarca,9.0,440.0,3.5,6.0,No,Yes,No
351,20,Male,Cundinamarca,7.0,435.0,4.2,3.0,Yes,No,Yes
352,17,Female,Bogotá,4.0,265.0,2.6,3.0,Yes,Yes,Yes
353,17,Male,Otros departamentos,5.7,413.0,4.7,5.0,Yes,No,Yes
354,24,Male,Bogotá,7.7,299.0,3.1,2.0,Yes,No,No
355,24,Male,Cundinamarca,9.9,449.0,1.6,3.0,Yes,Yes,Yes
356,23,Male,Otros departamentos,,185.0,3.8,6.0,No,Yes,Yes
357,18,Male,Otros departamentos,5.6,436.0,4.2,5.0,No,No,No
358,24,Male,Bogotá,7.8,357.0,2.3,4.0,No,No,Yes
359,17,Female,Cundinamarca,7.2,255.0,4.4,6.0,No,Yes,No
360,19,Male,Bogotá,8.7,307.0,4.6,5.0,No,Yes,No
361,20,Female,Otros departamentos,4.6,270.0,2.1,6.0,Yes,Yes,Yes
362,17,Male,Bogotá,8.6,204.0,4.9,3.0,Yes,No,No
363,17,Female,Bogotá,7.2,161.0,1.6,4.0,Yes,No,No
364,18,Female,Cundinamarca,9.8,294.0,1.8,5.0,Yes,No,No
365,23,Female,Cundinamarca,6.1,285.0,1.7,1.0,No,No,No
366,23,Male,Otros departamentos,7.8,152.0,4.6,4.0,No,No,No
367,22,Male,Bogotá,9.6,,3.6,1.0,No,Yes,Yes
368,18,Female,Bogotá,4.6,179.0,1.6,6.0,Yes,Yes,Yes
369,19,Male,Bogotá,,386.0,2.8,2.0,No,No,Yes
370,23,Female,Otros departamentos,8.1,428.0,,4.0,Yes,No,No
371,20,Male,Otros departamentos,4.4,264.0,1.3,6.0,No,Yes,Yes
372,24,Female,Cundinamarca,5.8,253.0,4.5,1.0,No,Yes,No
373,18,Female,Cundinamarca,8.2,267.0,4.2,3.0,Yes,Yes,No
374,24,Male,Cundinamarca,4.4,154.0,3.0,3.0,Yes,Yes,No
375,17,Female,Bogotá,7.5,397.0,4.9,2.0,No,No,Yes
376,20,Male,Bogotá,6.1,270.0,2.7,4.0,No,Yes,Yes
377,20,Female,Cundinamarca,7.7,435.0,4.9,,Yes,No,No
378,17,Female,Bogotá,4.3,298.0,3.7,4.0,No,Yes,No
379,18,Male,Cundinamarca,,,3.5,6.0,No,Yes,Yes
380,17,Male,Otros departamentos,9.8,380.0,1.7,2.0,Yes,Yes,Yes
381,24,Male,Cundinamarca,9.8,437.0,4.5,4.0,No,No,No
382,22,Female,Otros departamentos,8.5,310.0,2.7,6.0,Yes,No,No
383,20,Male,Bogotá,4.8,421.0,1.6,3.0,No,Yes,Yes
384,21,Female,Cundinamarca,8.5,187.0,1.1,1.0,Yes,No,Yes
385,21,Female,Bogotá,4.1,375.0,,6.0,No,No,No
386,24,Male,Otros departamentos,4.1,291.0,3.1,3.0,Yes,Yes,No
387,19,Male,Otros departamentos,5.9,441.0,3.9,3.0,No,Yes,No
388,23,Female,Otros departamentos,6.9,300.0,4.6,1.0,Yes,No,Yes
389,17,Female,Bogotá,8.6,263.0,1.3,3.0,No,No,Yes
390,17,Male,Bogotá,8.1,386.0,3.9,2.0,No,No,No
391,19,Male,Bogotá,6.7,215.0,1.7,1.0,No,Yes,No
392,19,Male,Bogotá,5.6,407.0,4.4,3.0,No,Yes,Yes
393,24,Male,Otros departamentos,10.0,398.0,4.3,5.0,No,No,Yes
394,24,Male,Otros departamentos,6.6,329.0,3.2,6.0,No,Yes,No
395,19,Female,Cundinamarca,6.7,339.0,3.8,3.0,No,Yes,No
396,20,Female,Cundinamarca,5.0,303.0,2.3,2.0,No,No,Yes
397,24,Female,Bogotá,8.8,345.0,2.9,4.0,No,No,No
398,22,Female,Otros departamentos,8.2,411.0,4.3,3.0,Yes,Yes,Yes
399,24,Male,Otros departamentos,5.3,292.0,2.8,4.0,Yes,Yes,Yes
400,17,Male,Otros departamentos,4.5,250.0,2.4,5.0,No,No,Yes
401,24,Male,Cundinamarca,8.1,393.0,3.0,3.0,Yes,Yes,No
402,20,Female,Cundinamarca,7.9,161.0,4.3,1.0,No,Yes,Yes
403,19,Female,Otros departamentos,5.6,388.0,2.3,,No,No,No
404,17,Male,Otros departamentos,9.7,198.0,1.7,5.0,Yes,No,No
405,24,Male,Otros departamentos,,191.0,3.8,1.0,No,Yes,No
406,20,Female,Cundinamarca,6.6,315.0,4.3,1.0,No,Yes,No
407,22,Female,Otros departamentos,9.7,231.0,1.4,1.0,Yes,Yes,Yes
408,24,Male,Otros departamentos,6.5,440.0,2.0,1.0,Yes,No,Yes
409,20,Male,Bogotá,7.8,,1.6,3.0,No,Yes,Yes
410,22,Female,Bogotá,6.4,365.0,2.4,,Yes,Yes,Yes
411,19,Male,Cundinamarca,5.6,,2.8,3.0,Yes,No,Yes
412,24,Male,Otros departamentos,9.9,,4.0,3.0,No,No,No
413,22,Male,Otros departamentos,6.5,216.0,3.6,5.0,Yes,Yes,No
414,17,Female,Bogotá,,156.0,3.5,5.0,Yes,No,No
415,19,Female,Cundinamarca,5.4,163.0,2.4,6.0,No,No,No
416,17,Female,Bogotá,5.3,222.0,,5.0,Yes,Yes,Yes
417,21,Female,Bogotá,4.2,312.0,2.9,2.0,Yes,No,No
418,18,Female,Bogotá,7.9,215.0,4.9,6.0,No,No,No
419,24,Female,Bogotá,6.2,,3.5,5.0,No,Yes,No
420,22,Female,Otros departamentos,9.2,355.0,,6.0,No,No,No
421,18,Male,Otros departamentos,6.8,425.0,3.7,3.0,Yes,Yes,Yes
422,18,Male,Bogotá,9.8,405.0,2.3,3.0,No,Yes,Yes
423,22,Male,Cundinamarca,5.1,415.0,3.7,6.0,No,No,Yes
424,19,Male,Cundinamarca,9.2,174.0,1.3,2.0,Yes,No,Yes
425,24,Male,Cundinamarca,8.7,430.0,1.7,2.0,No,No,Yes
426,21,Male,Cundinamarca,8.6,402.0,4.4,6.0,No,Yes,No
427,17,Male,Bogotá,9.1,438.0,1.9,5.0,No,No,Yes
428,20,Female,Otros departamentos,8.6,313.0,4.3,4.0,No,Yes,No
429,17,Female,Cundinamarca,7.8,244.0,2.1,2.0,Yes,No,Yes
430,20,Male,Bogotá,4.8,419.0,3.6,1.0,No,No,No
431,17,Male,Cundinamarca,4.2,259.0,3.8,3.0,No,No,No
432,22,Female,Cundinamarca,9.5,387.0,3.1,6.0,Yes,Yes,No
433,21,Male,Bogotá,7.7,174.0,2.2,1.0,No,No,No
434,24,Male,Otros departamentos,8.8,290.0,1.9,,Yes,No,Yes
435,20,Female,Otros departamentos,,266.0,1.1,3.0,Yes,Yes,Yes
436,24,Male,Bogotá,4.7,174.0,2.2,3.0,Yes,Yes,Yes
437,24,Female,Otros departamentos,4.8,228.0,3.6,2.0,No,No,No
438,24,Male,Bogotá,8.1,217.0,4.8,2.0,Yes,No,No
439,23,Female,Bogotá,6.6,322.0,4.5,1.0,Yes,No,No
440,19,Female,Bogotá,5.2,161.0,4.1,6.0,Yes,Yes,No
441,17,Female,Otros departamentos,6.9,437.0,4.2,3.0,No,Yes,No
442,24,Male,Bogotá,4.4,277.0,3.7,1.0,No,Yes,No
443,17,Female,Cundinamarca,7.5,245.0,2.0,4.0,No,Yes,Yes
444,24,Male,Otros departamentos,5.6,241.0,4.6,1.0,No,No,Yes
445,20,Male,Otros departamentos,8.8,290.0,3.7,5.0,No,Yes,No
446,19,Male,Otros departamentos,5.9,180.0,3.2,1.0,No,Yes,Yes
447,19,Male,Otros departamentos,6.7,169.0,1.4,5.0,No,Yes,Yes
448,22,Female,Cundinamarca,4.1,295.0,2.8,5.0,Yes,No,Yes
449,23,Female,Otros departamentos,,309.0,2.8,5.0,Yes,No,Yes
450,22,Male,Otros departamentos,6.4,192.0,4.5,4.0,Yes,Yes,No
451,22,Male,Bogotá,6.9,403.0,3.2,1.0,Yes,Yes,No
452,22,Female,Otros departamentos,7.6,279.0,2.5,1.0,No,No,Yes
453,22,Male,Cundinamarca,5.7,209.0,4.9,4.0,Yes,No,No
454,22,Female,Cundinamarca,8.2,300.0,1.4,3.0,Yes,No,No
455,21,Male,Cundinamarca,9.2,436.0,2.7,2.0,Yes,No,Yes
456,19,Male,Cundinamarca,8.7,154.0,1.2,1.0,Yes,No,Yes
457,22,Female,Otros departamentos,4.2,415.0,4.0,2.0,No,No,No
458,24,Male,Otros departamentos,6.9,279.0,4.7,6.0,No,No,No
459,19,Female,Cundinamarca,4.6,416.0,2.1,6.0,No,No,Yes
460,19,Male,Cundinamarca,5.5,327.0,4.4,4.0,Yes,Yes,No
461,18,Male,Otros departamentos,9.9,402.0,2.2,6.0,No,Yes,No
462,21,Male,Cundinamarca,4.9,205.0,4.6,6.0,Yes,Yes,No
463,22,Female,Bogotá,7.0,232.0,4.0,3.0,No,Yes,No
464,17,Male,Cundinamarca,7.7,248.0,4.2,3.0,No,Yes,No
465,20,Male,Cundinamarca,8.2,298.0,1.1,3.0,No,Yes,Yes
466,23,Male,Bogotá,7.4,305.0,4.9,6.0,No,No,No
467,24,Male,Bogotá,4.1,339.0,3.9,4.0,No,No,No
468,17,Female,Otros departamentos,6.0,412.0,2.2,5.0,Yes,Yes,Yes
469,21,Female,Otros departamentos,7.1,229.0,4.3,5.0,No,Yes,No
470,20,Male,Bogotá,4.5,401.0,2.1,2.0,Yes,No,No
471,21,Female,Bogotá,6.1,246.0,4.5,5.0,Yes,No,No
472,24,Male,Otros departamentos,4.2,409.0,1.5,5.0,Yes,No,No
473,19,Male,Cundinamarca,,409.0,3.8,3.0,Yes,Yes,No
474,20,Male,Bogotá,6.4,252.0,3.2,3.0,Yes,No,Yes
475,19,Female,Otros departamentos,4.8,189.0,1.4,6.0,No,Yes,Yes
476,24,Female,Cundinamarca,7.4,422.0,2.0,2.0,No,Yes,No
477,17,Female,Bogotá,8.1,250.0,1.0,1.0,No,No,Yes
478,24,Female,Cundinamarca,8.8,370.0,2.9,2.0,No,No,Yes
479,17,Female,Otros departamentos,5.2,273.0,2.2,2.0,Yes,Yes,No
480,20,Female,Bogotá,5.0,380.0,3.4,4.0,No,No,No
481,20,Female,Cundinamarca,4.6,327.0,2.2,6.0,No,No,Yes
482,22,Female,Bogotá,7.8,212.0,2.2,4.0,Yes,Yes,Yes
483,21,Female,Cundinamarca,8.2,265.0,4.0,2.0,Yes,No,No
484,22,Male,Otros departamentos,4.2,340.0,1.2,2.0,No,Yes,Yes
485,21,Female,Otros departamentos,9.6,211.0,4.6,2.0,No,Yes,Yes
486,22,Female,Bogotá,4.3,405.0,4.4,5.0,Yes,No,Yes
487,19,Female,Cundinamarca,7.2,156.0,3.7,4.0,No,Yes,No
488,20,Female,Bogotá,8.3,304.0,3.4,2.0,No,Yes,Yes
489,17,Female,Bogotá,9.2,241.0,4.6,3.0,No,No,No
490,21,Female,Cundinamarca,8.3,163.0,1.7,6.0,No,No,Yes
491,24,Female,Cundinamarca,8.8,378.0,1.3,6.0,Yes,No,Yes
492,21,Female,Cundinamarca,6.0,235.0,2.0,3.0,Yes,Yes,Yes
493,17,Female,Otros departamentos,,282.0,4.2,6.0,Yes,Yes,No
494,22,Female,Bogotá,4.5,332.0,1.1,5.0,No,No,Yes
495,21,Female,Bogotá,9.4,211.0,3.3,5.0,No,Yes,No
496,23,Male,Otros departamentos,7.3,368.0,5.0,1.0,No,No,Yes
497,19,Male,Cundinamarca,8.9,395.0,4.4,1.0,No,No,No
498,20,Female,Otros departamentos,6.7,379.0,3.1,1.0,No,Yes,No
499,17,Female,Otros departamentos,7.9,228.0,1.3,6.0,Yes,No,Yes
500,20,Male,Otros departamentos,7.2,298.0,4.3,5.0,No,Yes,No
